{"variables":[],"info":{"name":"","_postman_id":"925925fb-399e-4c31-a62f-c05022671575","description":"","schema":"https:\/\/schema.getpostman.com\/json\/collection\/v2.0.0\/collection.json"},"item":[{"name":"API Client Token - Backend\n\nEssa API \u00e9 respons\u00e1vel pelo gerenciamento dos tokens no portal qImob.\nOs pr\u00f3ximos t\u00f3picos apresentara os endpoints de Consulta, Cadastro, Edi\u00e7\u00e3o e Dele\u00e7\u00e3o.","description":"","item":[{"name":"Remover Client Token","request":{"url":"http:\/\/localhost:8000\/api\/v1\/admin\/client\/api\/revoke\/{id}","method":"GET","body":{"mode":"formdata","formdata":[]},"description":"","response":[]}},{"name":"Atualizar Client Token","request":{"url":"http:\/\/localhost:8000\/api\/v1\/admin\/client\/api\/update_token\/{id}","method":"GET","body":{"mode":"formdata","formdata":[]},"description":"","response":[]}},{"name":"Cadastrar Client Token","request":{"url":"http:\/\/localhost:8000\/api\/v1\/admin\/client","method":"POST","body":{"mode":"formdata","formdata":[]},"description":"","response":[]}},{"name":"Atualizar Client Token","request":{"url":"http:\/\/localhost:8000\/api\/v1\/admin\/client\/{client}","method":"PUT","body":{"mode":"formdata","formdata":[]},"description":"","response":[]}},{"name":"Deletar Client Token","request":{"url":"http:\/\/localhost:8000\/api\/v1\/admin\/client\/{client}","method":"DELETE","body":{"mode":"formdata","formdata":[]},"description":"","response":[]}}]},{"name":"API Configura\u00e7\u00e3o - Backend\n\nEssa API \u00e9 respons\u00e1vel pelo gerenciamento da Configura\u00e7\u00e3o no portal qImob.\nOs pr\u00f3ximos t\u00f3picos apresentara os endpoints de Consulta, Cadastro, Edi\u00e7\u00e3o e Dele\u00e7\u00e3o.\n\nClass ConfiguracaoController","description":"","item":[{"name":"Consulta Configura\u00e7\u00e3o","request":{"url":"http:\/\/localhost:8000\/api\/v1\/admin\/configuracao","method":"GET","body":{"mode":"formdata","formdata":[]},"description":"Endpoint para consulta registro","response":[]}},{"name":"Alterar Configura\u00e7\u00e3o","request":{"url":"http:\/\/localhost:8000\/api\/v1\/admin\/configuracao","method":"PUT","body":{"mode":"formdata","formdata":[{"key":"titulo","value":"perspiciatis","type":"text","enabled":true},{"key":"email","value":"malika72@example.com","type":"text","enabled":true},{"key":"url_site","value":"http:\/\/www.rippin.biz\/ab-et-tempore-unde-earum-ratione-dignissimos-sunt.html","type":"text","enabled":true},{"key":"telefone","value":"perspiciatis","type":"text","enabled":true},{"key":"horario_atendimento","value":"perspiciatis","type":"text","enabled":true},{"key":"endereco","value":"perspiciatis","type":"text","enabled":true},{"key":"rodape","value":"perspiciatis","type":"text","enabled":true},{"key":"facebook","value":"perspiciatis","type":"text","enabled":true},{"key":"twitter","value":"perspiciatis","type":"text","enabled":true},{"key":"google_plus","value":"perspiciatis","type":"text","enabled":true},{"key":"youtube","value":"perspiciatis","type":"text","enabled":true},{"key":"instagram","value":"perspiciatis","type":"text","enabled":true},{"key":"palavra_chave","value":"perspiciatis","type":"text","enabled":true},{"key":"descricao_site","value":"perspiciatis","type":"text","enabled":true},{"key":"og_tipo_app","value":"perspiciatis","type":"text","enabled":true},{"key":"og_titulo_site","value":"perspiciatis","type":"text","enabled":true},{"key":"od_url_site","value":"http:\/\/www.rippin.biz\/ab-et-tempore-unde-earum-ratione-dignissimos-sunt.html","type":"text","enabled":true},{"key":"od_autor_site","value":"perspiciatis","type":"text","enabled":true},{"key":"facebook_id","value":"perspiciatis","type":"text","enabled":true},{"key":"token","value":"perspiciatis","type":"text","enabled":true},{"key":"analytcs_code","value":73660,"type":"text","enabled":true}]},"description":"Endpoint para alterar configura\u00e7\u00e3o","response":[]}}]},{"name":"API Permiss\u00e3o de Usu\u00e1rios - Backend\n\nEssa API \u00e9 respons\u00e1vel pelo gerenciamento de Permiss\u00e3o de Usu\u00e1rios no portal qImob.\nOs pr\u00f3ximos t\u00f3picos apresenta os endpoints de Consulta, Cadastro, Edi\u00e7\u00e3o e Dele\u00e7\u00e3o.","description":"","item":[{"name":"Revogar Permiss\u00f5es","request":{"url":"http:\/\/localhost:8000\/api\/v1\/admin\/permissao\/revogar_permissoes\/{id}","method":"GET","body":{"mode":"formdata","formdata":[]},"description":"","response":[]}},{"name":"Listar todas permiss\u00f5es do grupo.","request":{"url":"http:\/\/localhost:8000\/api\/v1\/admin\/permissao\/lista_de_permissao_regra\/{id}","method":"GET","body":{"mode":"formdata","formdata":[]},"description":"","response":[]}},{"name":"Listar todas permiss\u00f5es do usu\u00e1rio.","request":{"url":"http:\/\/localhost:8000\/api\/v1\/admin\/permissao\/lista_de_permissao_usuario\/{id}","method":"GET","body":{"mode":"formdata","formdata":[]},"description":"","response":[]}},{"name":"Listar tipos de permiss\u00f5es de requisi\u00e7\u00f5es","request":{"url":"http:\/\/localhost:8000\/api\/v1\/admin\/permissao\/list_slugs","method":"GET","body":{"mode":"formdata","formdata":[]},"description":"","response":[]}},{"name":"Associar Permiss\u00e3o a Regra","request":{"url":"http:\/\/localhost:8000\/api\/v1\/admin\/permissao\/associar_permissao_regra","method":"POST","body":{"mode":"formdata","formdata":[]},"description":"","response":[]}},{"name":"Criar uma permiss\u00e3o para um unico usu\u00e1rio.","request":{"url":"http:\/\/localhost:8000\/api\/v1\/admin\/permissao\/criar_permissao_usuario","method":"POST","body":{"mode":"formdata","formdata":[{"key":"inherit_id","value":957,"type":"text","enabled":true},{"key":"name","value":"ad","type":"text","enabled":true},{"key":"slug","value":"ad","type":"text","enabled":true}]},"description":"","response":[]}},{"name":"Consultar Permiss\u00e3o","request":{"url":"http:\/\/localhost:8000\/api\/v1\/admin\/permissao","method":"GET","body":{"mode":"formdata","formdata":[]},"description":"Endpoint para consulta de permiss\u00e3o cadastrados paginadas","response":[]}},{"name":"Cadastrar Permiss\u00e3o","request":{"url":"http:\/\/localhost:8000\/api\/v1\/admin\/permissao","method":"POST","body":{"mode":"formdata","formdata":[{"key":"inherit_id","value":1,"type":"text","enabled":true},{"key":"name","value":"explicabo","type":"text","enabled":true},{"key":"slug","value":"explicabo","type":"text","enabled":true}]},"description":"Endpoint para cadastrar permiss\u00e3o usu\u00e1rio","response":[]}},{"name":"Consultar Permiss\u00e3o por ID","request":{"url":"http:\/\/localhost:8000\/api\/v1\/admin\/permissao\/{permissao}","method":"GET","body":{"mode":"formdata","formdata":[]},"description":"Endpoint para consultar permis\u00e3o passando o ID como parametro","response":[]}},{"name":"Alterar Permiss\u00e3o por ID","request":{"url":"http:\/\/localhost:8000\/api\/v1\/admin\/permissao\/{permissao}","method":"PUT","body":{"mode":"formdata","formdata":[{"key":"inherit_id","value":805731,"type":"text","enabled":true},{"key":"name","value":"harum","type":"text","enabled":true},{"key":"slug","value":"harum","type":"text","enabled":true}]},"description":"","response":[]}},{"name":"Deletar Permiss\u00e3o","request":{"url":"http:\/\/localhost:8000\/api\/v1\/admin\/permissao\/{permissao}","method":"DELETE","body":{"mode":"formdata","formdata":[]},"description":"","response":[]}}]},{"name":"API Plano de An\u00fancio - Backend\n\n*Essa API \u00e9 respons\u00e1vel pelo gerenciamento de planos de an\u00fancio no portal qImob.\nOs pr\u00f3ximos t\u00f3picos apresenta os endpoints de Consulta, Cadastro, Edi\u00e7\u00e3o e Dele\u00e7\u00e3o.\nClass PlanoController","description":"","item":[{"name":"Cadastrar Tabela Pre\u00e7o","request":{"url":"http:\/\/localhost:8000\/api\/v1\/admin\/plano\/tabela_preco","method":"POST","body":{"mode":"formdata","formdata":[{"key":"id","value":288649472,"type":"text","enabled":true},{"key":"plano_id","value":288649472,"type":"text","enabled":true},{"key":"estado_id","value":288649472,"type":"text","enabled":true},{"key":"cidade_id","value":288649472,"type":"text","enabled":true},{"key":"valor","value":288649472,"type":"text","enabled":true}]},"description":"Endpoint para cadastrar tabela de pre\u00e7o de plano","response":[]}},{"name":"Alterar Tabela de Pre\u00e7o","request":{"url":"http:\/\/localhost:8000\/api\/v1\/admin\/plano\/tabela_preco\/{tabela_preco}","method":"PUT","body":{"mode":"formdata","formdata":[{"key":"id","value":7379600,"type":"text","enabled":true},{"key":"plano_id","value":7379600,"type":"text","enabled":true},{"key":"estado_id","value":7379600,"type":"text","enabled":true},{"key":"cidade_id","value":7379600,"type":"text","enabled":true},{"key":"valor","value":7379600,"type":"text","enabled":true}]},"description":"Endpoint para alterar tabela de pre\u00e7o","response":[]}},{"name":"Deletar Tabela de Pre\u00e7o","request":{"url":"http:\/\/localhost:8000\/api\/v1\/admin\/plano\/tabela_preco\/{id}","method":"DELETE","body":{"mode":"formdata","formdata":[]},"description":"Endpoint para deletar tabela de pre\u00e7o passando o ID","response":[]}},{"name":"Consulta Tabelas de Preco","request":{"url":"http:\/\/localhost:8000\/api\/v1\/admin\/plano\/tabela_preco\/{plano}","method":"GET","body":{"mode":"formdata","formdata":[]},"description":"Endpoint para consulta as tabelas de pre\u00e7o passando o ID do Plano como parametro","response":[]}},{"name":"Consulta Planos","request":{"url":"http:\/\/localhost:8000\/api\/v1\/admin\/plano","method":"GET","body":{"mode":"formdata","formdata":[]},"description":"Endpoint para consultar todos os planos cadastrados\n\nNessa consulta pode ser aplicado os seguintes filtros:\n\n - Consultar Normal:\n  <br> - N\u00e3o passar parametros\n\n - Consultar por Cidade:\n  <br> - ?consulta={\"filtro\": {\"estados.uf\": \"TO\", \"cidades.titulo\" : \"Palmas\"}}","response":[]}},{"name":"Cadastrar Plano","request":{"url":"http:\/\/localhost:8000\/api\/v1\/admin\/plano","method":"POST","body":{"mode":"formdata","formdata":[{"key":"id","value":862074916,"type":"text","enabled":true},{"key":"nome","value":"sint","type":"text","enabled":true},{"key":"dias","value":862074916,"type":"text","enabled":true},{"key":"qtde_destaque","value":862074916,"type":"text","enabled":true},{"key":"qtde_anuncio","value":862074916,"type":"text","enabled":true},{"key":"valor","value":862074916,"type":"text","enabled":true},{"key":"tipo","value":"qimob-erp","type":"text","enabled":true},{"key":"status","value":true,"type":"text","enabled":true}]},"description":"Endpoint para cadastrar plano","response":[]}},{"name":"Consulta Plano por ID","request":{"url":"http:\/\/localhost:8000\/api\/v1\/admin\/plano\/{plano}","method":"GET","body":{"mode":"formdata","formdata":[]},"description":"Endpoint para consulta plano passando o ID como parametro","response":[]}},{"name":"Alterar Plano","request":{"url":"http:\/\/localhost:8000\/api\/v1\/admin\/plano\/{plano}","method":"PUT","body":{"mode":"formdata","formdata":[{"key":"id","value":26,"type":"text","enabled":true},{"key":"nome","value":"fugit","type":"text","enabled":true},{"key":"dias","value":26,"type":"text","enabled":true},{"key":"qtde_destaque","value":26,"type":"text","enabled":true},{"key":"qtde_anuncio","value":26,"type":"text","enabled":true},{"key":"valor","value":26,"type":"text","enabled":true},{"key":"tipo","value":"anunciante","type":"text","enabled":true},{"key":"status","value":true,"type":"text","enabled":true}]},"description":"Endpoint para alterar plano","response":[]}},{"name":"Deletar Plano","request":{"url":"http:\/\/localhost:8000\/api\/v1\/admin\/plano\/{plano}","method":"DELETE","body":{"mode":"formdata","formdata":[]},"description":"Endpoint para deletar plano passando o ID","response":[]}}]},{"name":"API Plano de An\u00fancio - Frontend\n\nEssa API \u00e9 respons\u00e1vel pelo gerenciamento de planos de an\u00fancio no portal qImob.\nOs pr\u00f3ximos t\u00f3picos apresenta os endpoints de Consulta, Cadastro, Edi\u00e7\u00e3o e Dele\u00e7\u00e3o.\n\nClass PlanoController","description":"","item":[{"name":"Consulta Planos","request":{"url":"http:\/\/localhost:8000\/api\/v1\/front\/plano\/consulta\/{tipo_anunciante}\/{estado}\/{cidade}","method":"GET","body":{"mode":"formdata","formdata":[]},"description":"Endpoint para consulta de planos no frontend.","response":[]}}]},{"name":"API P\u00e1gina - Backend\n\nEssa API \u00e9 respons\u00e1vel pelo gerenciamento de P\u00e1gina no portal qImob.\nOs pr\u00f3ximos t\u00f3picos apresentara os endpoints de Consulta, Cadastro, Edi\u00e7\u00e3o e Dele\u00e7\u00e3o.","description":"","item":[{"name":"Consulta Todas a P\u00e1ginas","request":{"url":"http:\/\/localhost:8000\/api\/v1\/admin\/pagina","method":"GET","body":{"mode":"formdata","formdata":[]},"description":"Endpoint para consulta todas as p\u00e1ginas cadastradas paginadas em 25 por p\u00e1ginas","response":[]}},{"name":"Cadastrar P\u00e1gina","request":{"url":"http:\/\/localhost:8000\/api\/v1\/admin\/pagina","method":"POST","body":{"mode":"formdata","formdata":[{"key":"id","value":5249690,"type":"text","enabled":true},{"key":"titulo","value":"quo","type":"text","enabled":true},{"key":"slug","value":"quo","type":"text","enabled":true},{"key":"descricao","value":"quo","type":"text","enabled":true},{"key":"resumo","value":"quo","type":"text","enabled":true},{"key":"status","value":"0","type":"text","enabled":true},{"key":"parent_id","value":5249690,"type":"text","enabled":true}]},"description":"Endpoint para cadastrar p\u00e1gina","response":[]}},{"name":"Consulta P\u00e1gina por ID","request":{"url":"http:\/\/localhost:8000\/api\/v1\/admin\/pagina\/{pagina}","method":"GET","body":{"mode":"formdata","formdata":[]},"description":"Endpoint para consulta p\u00e1gina passando o ID como parametro","response":[]}},{"name":"Alterar P\u00e1gina","request":{"url":"http:\/\/localhost:8000\/api\/v1\/admin\/pagina\/{pagina}","method":"PUT","body":{"mode":"formdata","formdata":[{"key":"id","value":92,"type":"text","enabled":true},{"key":"titulo","value":"quia","type":"text","enabled":true},{"key":"slug","value":"quia","type":"text","enabled":true},{"key":"descricao","value":"quia","type":"text","enabled":true},{"key":"resumo","value":"quia","type":"text","enabled":true},{"key":"status","value":"1","type":"text","enabled":true},{"key":"parent_id","value":92,"type":"text","enabled":true}]},"description":"Endpoint para alterar p\u00e1gina","response":[]}},{"name":"Deletar P\u00e1gina","request":{"url":"http:\/\/localhost:8000\/api\/v1\/admin\/pagina\/{pagina}","method":"DELETE","body":{"mode":"formdata","formdata":[]},"description":"Endpoint para deletar p\u00e1gina passando o ID","response":[]}}]},{"name":"API P\u00e1gina - Frontend\n\nEssa API \u00e9 respons\u00e1vel pelo gerenciamento de P\u00e1gina no portal qImob.\nOs pr\u00f3ximos t\u00f3picos apresentara os endpoints de Consulta, Cadastro, Edi\u00e7\u00e3o e Dele\u00e7\u00e3o.","description":"","item":[{"name":"Consulta P\u00e1gina por SLUG","request":{"url":"http:\/\/localhost:8000\/api\/v1\/front\/pagina\/conteudo\/{slug}","method":"GET","body":{"mode":"formdata","formdata":[]},"description":"Endpoint para consulta p\u00e1gina passando o SLUG como parametro","response":[]}}]},{"name":"API Regras de Acesso - Backend\n\nEssa API \u00e9 respons\u00e1vel pelo gerenciamento de regras de Usu\u00e1rios no portal qImob.\nOs pr\u00f3ximos t\u00f3picos apresenta os endpoints de Consulta, Cadastro, Edi\u00e7\u00e3o e Dele\u00e7\u00e3o.","description":"","item":[{"name":"Remover Todas Regras Usu\u00e1rio","request":{"url":"http:\/\/localhost:8000\/api\/v1\/admin\/regra\/revogar_todas_regras_usuario\/{id}","method":"GET","body":{"mode":"formdata","formdata":[]},"description":"Revogar todas as regras de um usu\u00e1rio","response":[]}},{"name":"Sicronizar Permiss\u00f5es p\/ Regra","request":{"url":"http:\/\/localhost:8000\/api\/v1\/admin\/regra\/sincronizar_regra_permissoes","method":"POST","body":{"mode":"formdata","formdata":[]},"description":"Sicronizar todas as permiss\u00f5es para um role(perfil)","response":[]}},{"name":"Remover Regra","request":{"url":"http:\/\/localhost:8000\/api\/v1\/admin\/regra\/revogar_regra_usuario","method":"POST","body":{"mode":"formdata","formdata":[]},"description":"Revogar todas as regras","response":[]}},{"name":"Associar Regra ao Usu\u00e1rio","request":{"url":"http:\/\/localhost:8000\/api\/v1\/admin\/regra\/associar_regra_usuario","method":"POST","body":{"mode":"formdata","formdata":[]},"description":"Endpoint para associar um regra a um usu\u00e1rio","response":[]}},{"name":"Consultar Regras","request":{"url":"http:\/\/localhost:8000\/api\/v1\/admin\/regra","method":"GET","body":{"mode":"formdata","formdata":[]},"description":"Endpoint para consulta de regras cadastrados paginadas","response":[]}},{"name":"Cadastrar Regra","request":{"url":"http:\/\/localhost:8000\/api\/v1\/admin\/regra","method":"POST","body":{"mode":"formdata","formdata":[{"key":"name","value":"neque","type":"text","enabled":true},{"key":"slug","value":"neque","type":"text","enabled":true}]},"description":"Endpoint para cadastrar regra de usu\u00e1rio","response":[]}},{"name":"Consultar Regra por ID","request":{"url":"http:\/\/localhost:8000\/api\/v1\/admin\/regra\/{regra}","method":"GET","body":{"mode":"formdata","formdata":[]},"description":"Endpoint para consultar regras passando o ID como parametro","response":[]}},{"name":"Alterar Regra por ID","request":{"url":"http:\/\/localhost:8000\/api\/v1\/admin\/regra\/{regra}","method":"PUT","body":{"mode":"formdata","formdata":[{"key":"name","value":"dolorem","type":"text","enabled":true},{"key":"slug","value":"dolorem","type":"text","enabled":true}]},"description":"","response":[]}},{"name":"Deletar Regra","request":{"url":"http:\/\/localhost:8000\/api\/v1\/admin\/regra\/{regra}","method":"DELETE","body":{"mode":"formdata","formdata":[]},"description":"","response":[]}},{"name":"Regra do Usu\u00e1rio","request":{"url":"http:\/\/localhost:8000\/api\/v1\/admin\/regra\/regras_do_usuario\/{id}","method":"GET","body":{"mode":"formdata","formdata":[]},"description":"Busca todos os perfis do usu\u00e1rio","response":[]}}]},{"name":"API Usu\u00e1rio - Backend\n\nEssa API \u00e9 respons\u00e1vel pelo gerenciamento de Usu\u00e1rios no portal qImob.\nOs pr\u00f3ximos t\u00f3picos apresenta os endpoints de Consulta, Cadastro, Edi\u00e7\u00e3o e Dele\u00e7\u00e3o.","description":"","item":[{"name":"Alterar Senha","request":{"url":"http:\/\/localhost:8000\/api\/v1\/admin\/user\/password\/change","method":"PATCH","body":{"mode":"formdata","formdata":[{"key":"old_password","value":"expedita","type":"text","enabled":true},{"key":"new_password","value":"expedita","type":"text","enabled":true},{"key":"new_password_confirmation","value":"expedita","type":"text","enabled":true}]},"description":"Enviar dados para alterar a senha","response":[]}},{"name":"Solicitar Nova Senha","request":{"url":"http:\/\/localhost:8000\/api\/v1\/admin\/user\/password\/reset","method":"POST","body":{"mode":"formdata","formdata":[{"key":"email","value":"doyle.michele@example.com","type":"text","enabled":true}]},"description":"Enviar email com link para usu\u00e1rio recuperar senha","response":[]}},{"name":"Criar Nova Senha","request":{"url":"http:\/\/localhost:8000\/api\/v1\/admin\/user\/password\/reset\/change","method":"POST","body":{"mode":"formdata","formdata":[{"key":"token","value":"deleniti","type":"text","enabled":true},{"key":"email","value":"francisco.nitzsche@example.org","type":"text","enabled":true},{"key":"password","value":"deleniti","type":"text","enabled":true},{"key":"password_confirmation","value":"deleniti","type":"text","enabled":true}]},"description":"Enviar dados para criar a nova senha solicitada pelo usu\u00e1rio","response":[]}},{"name":"Consultar Usu\u00e1rios","request":{"url":"http:\/\/localhost:8000\/api\/v1\/admin\/user","method":"GET","body":{"mode":"formdata","formdata":[]},"description":"Endpoint para consulta de usu\u00e1rios cadastrados","response":[]}},{"name":"Cadastrar Usu\u00e1rio","request":{"url":"http:\/\/localhost:8000\/api\/v1\/admin\/user","method":"POST","body":{"mode":"formdata","formdata":[{"key":"name","value":"odit","type":"text","enabled":true},{"key":"email","value":"nikolaus.omari@example.com","type":"text","enabled":true},{"key":"email_confirmation","value":"nikolaus.omari@example.com","type":"text","enabled":true},{"key":"email_alternativo","value":"nikolaus.omari@example.com","type":"text","enabled":true},{"key":"password","value":"odit","type":"text","enabled":true},{"key":"password_confirmation","value":"odit","type":"text","enabled":true},{"key":"sexo","value":"odit","type":"text","enabled":true},{"key":"imagem","value":"odit","type":"text","enabled":true},{"key":"chk_newsletter","value":true,"type":"text","enabled":true}]},"description":"Endpoint para cadastrar p\u00e1gina usu\u00e1rio","response":[]}},{"name":"Consultar Usu\u00e1rio por ID","request":{"url":"http:\/\/localhost:8000\/api\/v1\/admin\/user\/{user}","method":"GET","body":{"mode":"formdata","formdata":[]},"description":"Endpoint para consultar usu\u00e1rio passando o ID como parametro","response":[]}},{"name":"Alterar Usu\u00e1rio por ID","request":{"url":"http:\/\/localhost:8000\/api\/v1\/admin\/user\/{user}","method":"PUT","body":{"mode":"formdata","formdata":[{"key":"name","value":"aperiam","type":"text","enabled":true},{"key":"email","value":"hirthe.kaley@example.net","type":"text","enabled":true},{"key":"email_confirmation","value":"hirthe.kaley@example.net","type":"text","enabled":true},{"key":"email_alternativo","value":"hirthe.kaley@example.net","type":"text","enabled":true},{"key":"password","value":"aperiam","type":"text","enabled":true},{"key":"password_confirmation","value":"aperiam","type":"text","enabled":true},{"key":"sexo","value":"aperiam","type":"text","enabled":true},{"key":"imagem","value":"aperiam","type":"text","enabled":true},{"key":"chk_newsletter","value":true,"type":"text","enabled":true}]},"description":"","response":[]}},{"name":"Deletar Usu\u00e1rio","request":{"url":"http:\/\/localhost:8000\/api\/v1\/admin\/user\/{user}","method":"DELETE","body":{"mode":"formdata","formdata":[]},"description":"","response":[]}},{"name":"Alterar Imagem Usu\u00e1rio logado","request":{"url":"http:\/\/localhost:8000\/api\/v1\/admin\/user\/alterar_imagem","method":"POST","body":{"mode":"formdata","formdata":[]},"description":"","response":[]}},{"name":"Alterar Imagem Administrativo","request":{"url":"http:\/\/localhost:8000\/api\/v1\/admin\/user\/alterar_imagem_admin\/{id}","method":"POST","body":{"mode":"formdata","formdata":[]},"description":"","response":[]}}]},{"name":"API Usu\u00e1rio - Frontend\n\nEssa API \u00e9 respons\u00e1vel pelo gerenciamento de Usu\u00e1rios no portal qImob.\nOs pr\u00f3ximos t\u00f3picos apresenta os endpoints de Consulta, Cadastro, Edi\u00e7\u00e3o e Dele\u00e7\u00e3o.","description":"","item":[{"name":"Consultar Perfil Usu\u00e1rio","request":{"url":"http:\/\/localhost:8000\/api\/v1\/front\/user\/perfil","method":"GET","body":{"mode":"formdata","formdata":[]},"description":"Endpoint para consultar perfil do usu\u00e1rio passando o ID como parametro","response":[]}},{"name":"Alterar Imagem Anunciante logado","request":{"url":"http:\/\/localhost:8000\/api\/v1\/front\/user\/alterar_imagem","method":"POST","body":{"mode":"formdata","formdata":[]},"description":"","response":[]}},{"name":"Alterar Senha","request":{"url":"http:\/\/localhost:8000\/api\/v1\/front\/user\/password\/change","method":"PATCH","body":{"mode":"formdata","formdata":[{"key":"old_password","value":"doloremque","type":"text","enabled":true},{"key":"new_password","value":"doloremque","type":"text","enabled":true},{"key":"new_password_confirmation","value":"doloremque","type":"text","enabled":true}]},"description":"Enviar dados para alterar a senha","response":[]}},{"name":"Cadastrar Anunciante","request":{"url":"http:\/\/localhost:8000\/api\/v1\/front\/user\/registrar","method":"POST","body":{"mode":"formdata","formdata":[{"key":"name","value":"quae","type":"text","enabled":true},{"key":"email","value":"bednar.yasmine@example.com","type":"text","enabled":true},{"key":"email_confirmation","value":"bednar.yasmine@example.com","type":"text","enabled":true},{"key":"email_alternativo","value":"bednar.yasmine@example.com","type":"text","enabled":true},{"key":"password","value":"quae","type":"text","enabled":true},{"key":"password_confirmation","value":"quae","type":"text","enabled":true},{"key":"sexo","value":"quae","type":"text","enabled":true},{"key":"imagem","value":"quae","type":"text","enabled":true},{"key":"chk_newsletter","value":true,"type":"text","enabled":true}]},"description":"Endpoint para cadastrar p\u00e1gina Anunciante","response":[]}},{"name":"Solicitar Nova Senha","request":{"url":"http:\/\/localhost:8000\/api\/v1\/front\/user\/password\/reset","method":"POST","body":{"mode":"formdata","formdata":[{"key":"email","value":"cummings.nyasia@example.com","type":"text","enabled":true}]},"description":"Enviar email com link para Anunciante recuperar senha","response":[]}},{"name":"Criar Nova Senha","request":{"url":"http:\/\/localhost:8000\/api\/v1\/front\/user\/password\/reset\/change","method":"POST","body":{"mode":"formdata","formdata":[{"key":"token","value":"qui","type":"text","enabled":true},{"key":"email","value":"kenyon.haag@example.com","type":"text","enabled":true},{"key":"password","value":"qui","type":"text","enabled":true},{"key":"password_confirmation","value":"qui","type":"text","enabled":true}]},"description":"Enviar dados para criar a nova senha solicitada pelo Anunciante","response":[]}}]},{"name":"general","description":"","item":[{"name":"Authorize a client to access the user's account.","request":{"url":"http:\/\/localhost:8000\/api\/v1\/oauth\/authorize","method":"GET","body":{"mode":"formdata","formdata":[]},"description":"","response":[]}},{"name":"Approve the authorization request.","request":{"url":"http:\/\/localhost:8000\/api\/v1\/oauth\/authorize","method":"POST","body":{"mode":"formdata","formdata":[]},"description":"","response":[]}},{"name":"Deny the authorization request.","request":{"url":"http:\/\/localhost:8000\/api\/v1\/oauth\/authorize","method":"DELETE","body":{"mode":"formdata","formdata":[]},"description":"","response":[]}},{"name":"Authorize a client to access the user's account.","request":{"url":"http:\/\/localhost:8000\/api\/v1\/oauth\/token","method":"POST","body":{"mode":"formdata","formdata":[]},"description":"","response":[]}},{"name":"Get all of the authorized tokens for the authenticated user.","request":{"url":"http:\/\/localhost:8000\/api\/v1\/oauth\/tokens","method":"GET","body":{"mode":"formdata","formdata":[]},"description":"","response":[]}},{"name":"Delete the given token.","request":{"url":"http:\/\/localhost:8000\/api\/v1\/oauth\/tokens\/{token_id}","method":"DELETE","body":{"mode":"formdata","formdata":[]},"description":"","response":[]}},{"name":"Get a fresh transient token cookie for the authenticated user.","request":{"url":"http:\/\/localhost:8000\/api\/v1\/oauth\/token\/refresh","method":"POST","body":{"mode":"formdata","formdata":[]},"description":"","response":[]}},{"name":"Get all of the clients for the authenticated user.","request":{"url":"http:\/\/localhost:8000\/api\/v1\/oauth\/clients","method":"GET","body":{"mode":"formdata","formdata":[]},"description":"","response":[]}},{"name":"Store a new client.","request":{"url":"http:\/\/localhost:8000\/api\/v1\/oauth\/clients","method":"POST","body":{"mode":"formdata","formdata":[]},"description":"","response":[]}},{"name":"Update the given client.","request":{"url":"http:\/\/localhost:8000\/api\/v1\/oauth\/clients\/{client_id}","method":"PUT","body":{"mode":"formdata","formdata":[]},"description":"","response":[]}},{"name":"Delete the given client.","request":{"url":"http:\/\/localhost:8000\/api\/v1\/oauth\/clients\/{client_id}","method":"DELETE","body":{"mode":"formdata","formdata":[]},"description":"","response":[]}},{"name":"Get all of the available scopes for the application.","request":{"url":"http:\/\/localhost:8000\/api\/v1\/oauth\/scopes","method":"GET","body":{"mode":"formdata","formdata":[]},"description":"","response":[]}},{"name":"Get all of the personal access tokens for the authenticated user.","request":{"url":"http:\/\/localhost:8000\/api\/v1\/oauth\/personal-access-tokens","method":"GET","body":{"mode":"formdata","formdata":[]},"description":"","response":[]}},{"name":"Create a new personal access token for the user.","request":{"url":"http:\/\/localhost:8000\/api\/v1\/oauth\/personal-access-tokens","method":"POST","body":{"mode":"formdata","formdata":[]},"description":"","response":[]}},{"name":"Delete the given token.","request":{"url":"http:\/\/localhost:8000\/api\/v1\/oauth\/personal-access-tokens\/{token_id}","method":"DELETE","body":{"mode":"formdata","formdata":[]},"description":"","response":[]}}]}]}